{
    "version": "0.4.5",
    "results": {
        "ResultadoRegresionProbit": {
            "uid": "ResultadoRegresionProbit",
            "status": "pass",
            "type": "regression",
            "properties": {
                "method": "probit",
                "dof": 12958.0
            },
            "files": [
                {
                    "name": "ResultadoRegresionProbit_0.csv",
                    "sdc": {}
                },
                {
                    "name": "ResultadoRegresionProbit_1.csv",
                    "sdc": {}
                }
            ],
            "outcome": {},
            "command": "results = acro.probit(y, x)",
            "summary": "pass; dof=12958.0 >= 10",
            "timestamp": "2024-03-19T13:14:59.166781",
            "comments": [],
            "exception": ""
        }
    }
}