{
    "version": "0.4.5",
    "results": {
        "ResultadoRegresionOLS": {
            "uid": "ResultadoRegresionOLS",
            "status": "pass",
            "type": "regression",
            "properties": {
                "method": "ols",
                "dof": 165.0
            },
            "files": [
                {
                    "name": "ResultadoRegresionOLS_0.csv",
                    "sdc": {}
                },
                {
                    "name": "ResultadoRegresionOLS_1.csv",
                    "sdc": {}
                },
                {
                    "name": "ResultadoRegresionOLS_2.csv",
                    "sdc": {}
                }
            ],
            "outcome": {},
            "command": "results = acro.ols(y, x)",
            "summary": "pass; dof=165.0 >= 10",
            "timestamp": "2024-03-20T16:29:28.253292",
            "comments": [],
            "exception": ""
        }
    }
}