Artifact_ID,Agreement_ID,Provider,Consumer,Transaction_Type,Transaction_Date_UTC
"Datos Eustat,952ee6e6-01ff-48cb-8bc2-f16d194badce,Servicios Eustat,Connector MIK,ids:ContractAgreement,2024-07-03 06:27:53"
"Datos Eustat,952ee6e6-01ff-48cb-8bc2-f16d194badce,Connector MIK,Connector MIK,ids:ArtifactRequestMessage,2024-07-03 06:27:53"
"Datos Eustat,952ee6e6-01ff-48cb-8bc2-f16d194badce,Servicios Eustat,Connector MIK,ids:ArtifactRequestMessage,2024-07-03 06:27:54"
"Datos Eustat,952ee6e6-01ff-48cb-8bc2-f16d194badce,Servicios Eustat,Connector MIK,ids:ArtifactResponseMessage,2024-07-03 06:27:54"
"Datos Eustat,952ee6e6-01ff-48cb-8bc2-f16d194badce,Connector MIK,Connector MIK,ids:ArtifactResponseMessage,2024-07-03 06:27:54"
"Datos Eustat,952ee6e6-01ff-48cb-8bc2-f16d194badce,Connector MIK,Connector MIK,ids:ArtifactRequestMessage,2024-07-03 06:27:55"
"Datos Eustat,952ee6e6-01ff-48cb-8bc2-f16d194badce,Servicios Eustat,Connector MIK,ids:ArtifactRequestMessage,2024-07-03 06:27:55"
"Datos Eustat,952ee6e6-01ff-48cb-8bc2-f16d194badce,Servicios Eustat,Connector MIK,ids:ArtifactResponseMessage,2024-07-03 06:27:56"
"Datos Eustat,952ee6e6-01ff-48cb-8bc2-f16d194badce,Connector MIK,Connector MIK,ids:ArtifactResponseMessage,2024-07-03 06:27:56"
"Datos Eustat,952ee6e6-01ff-48cb-8bc2-f16d194badce,Connector MIK,Connector MIK,ids:ArtifactRequestMessage,2024-07-03 09:39:39"
"Datos Eustat,952ee6e6-01ff-48cb-8bc2-f16d194badce,Servicios Eustat,Connector MIK,ids:ArtifactRequestMessage,2024-07-03 09:39:39"
"Datos Eustat,952ee6e6-01ff-48cb-8bc2-f16d194badce,Servicios Eustat,Connector MIK,ids:ArtifactResponseMessage,2024-07-03 09:39:39"
"Datos Eustat,952ee6e6-01ff-48cb-8bc2-f16d194badce,Connector MIK,Connector MIK,ids:ArtifactResponseMessage,2024-07-03 09:39:39"
"Datos Eustat,65f4d9d4-d786-490e-9822-6017ef3e5722,Servicios Eustat,Connector MIK,ids:ContractAgreement,2024-07-03 09:39:38"
"Datos Eustat,65f4d9d4-d786-490e-9822-6017ef3e5722,Connector MIK,Connector MIK,ids:ArtifactRequestMessage,2024-07-03 09:39:38"
"Datos Eustat,65f4d9d4-d786-490e-9822-6017ef3e5722,Servicios Eustat,Connector MIK,ids:ArtifactRequestMessage,2024-07-03 09:39:38"
"Datos Eustat,65f4d9d4-d786-490e-9822-6017ef3e5722,Servicios Eustat,Connector MIK,ids:ArtifactResponseMessage,2024-07-03 09:39:38"
"Datos Eustat,65f4d9d4-d786-490e-9822-6017ef3e5722,Connector MIK,Connector MIK,ids:ArtifactResponseMessage,2024-07-03 09:39:38"
