{
    "version": "0.4.5",
    "results": {
        "output_0": {
            "uid": "output_0",
            "status": "pass",
            "type": "table",
            "properties": {
                "method": "crosstab"
            },
            "files": [
                {
                    "name": "output_0_0.csv",
                    "sdc": {
                        "summary": {
                            "suppressed": true,
                            "negative": 0,
                            "missing": 0,
                            "threshold": 0,
                            "p-ratio": 0,
                            "nk-rule": 0
                        },
                        "cells": {
                            "negative": [],
                            "missing": [],
                            "threshold": [],
                            "p-ratio": [],
                            "nk-rule": []
                        }
                    }
                }
            ],
            "outcome": {
                "great_pret": {
                    "1": "ok",
                    "2": "ok",
                    "3": "ok",
                    "more": "ok"
                },
                "pretentious": {
                    "1": "ok",
                    "2": "ok",
                    "3": "ok",
                    "more": "ok"
                },
                "usual": {
                    "1": "ok",
                    "2": "ok",
                    "3": "ok",
                    "more": "ok"
                }
            },
            "command": "safe_table = acro.crosstab(",
            "summary": "pass",
            "timestamp": "2024-02-28T14:39:07.266591",
            "comments": [],
            "exception": ""
        },
        "cross_tabulation": {
            "uid": "cross_tabulation",
            "status": "pass",
            "type": "regression",
            "properties": {
                "method": "ols",
                "dof": 12958.0
            },
            "files": [
                {
                    "name": "cross_tabulation_0.csv",
                    "sdc": {}
                },
                {
                    "name": "cross_tabulation_1.csv",
                    "sdc": {}
                },
                {
                    "name": "cross_tabulation_2.csv",
                    "sdc": {}
                }
            ],
            "outcome": {},
            "command": "results = acro.ols(y, x)",
            "summary": "pass; dof=12958.0 >= 10",
            "timestamp": "2024-02-28T14:39:07.312615",
            "comments": [
                "Suppression has been applied. Please let me have this data."
            ],
            "exception": ""
        }
    }
}