{
    "version": "0.4.5",
    "results": {
        "ResultadoCorrelacion": {
            "uid": "ResultadoCorrelacion",
            "status": "fail",
            "type": "table",
            "properties": {
                "method": "crosstab"
            },
            "files": [
                {
                    "name": "ResultadoCorrelacion_0.csv",
                    "sdc": {
                        "summary": {
                            "suppressed": true,
                            "negative": 0,
                            "missing": 0,
                            "threshold": 11,
                            "p-ratio": 0,
                            "nk-rule": 0
                        },
                        "cells": {
                            "negative": [],
                            "missing": [],
                            "threshold": [
                                [
                                    0,
                                    0
                                ],
                                [
                                    0,
                                    2
                                ],
                                [
                                    0,
                                    3
                                ],
                                [
                                    0,
                                    4
                                ],
                                [
                                    0,
                                    5
                                ],
                                [
                                    1,
                                    0
                                ],
                                [
                                    1,
                                    1
                                ],
                                [
                                    1,
                                    2
                                ],
                                [
                                    1,
                                    3
                                ],
                                [
                                    1,
                                    4
                                ],
                                [
                                    1,
                                    5
                                ]
                            ],
                            "p-ratio": [],
                            "nk-rule": []
                        }
                    }
                }
            ],
            "outcome": {
                ";": {
                    "0.0": "threshold; ",
                    "1.0": "threshold; "
                },
                "Empresa Elefante;": {
                    "0.0": "ok",
                    "1.0": "threshold; "
                },
                "Empresa Estrella;": {
                    "0.0": "threshold; ",
                    "1.0": "threshold; "
                },
                "Empresa Promesa": {
                    "0.0": "threshold; ",
                    "1.0": "threshold; "
                },
                "Empresa Promesa;": {
                    "0.0": "threshold; ",
                    "1.0": "threshold; "
                },
                "Empresa Topo;": {
                    "0.0": "threshold; ",
                    "1.0": "threshold; "
                }
            },
            "command": "safe_table = acro.crosstab(",
            "summary": "fail; threshold: 11 cells suppressed; ",
            "timestamp": "2024-03-20T16:17:50.083965",
            "comments": [],
            "exception": "Fail"
        }
    }
}