{
    "version": "0.4.5",
    "results": {
        "output_0": {
            "uid": "output_0",
            "status": "pass",
            "type": "table",
            "properties": {
                "method": "crosstab"
            },
            "files": [
                {
                    "name": "output_0_0.csv",
                    "sdc": {
                        "summary": {
                            "suppressed": true,
                            "negative": 0,
                            "missing": 0,
                            "threshold": 0,
                            "p-ratio": 0,
                            "nk-rule": 0
                        },
                        "cells": {
                            "negative": [],
                            "missing": [],
                            "threshold": [],
                            "p-ratio": [],
                            "nk-rule": []
                        }
                    }
                }
            ],
            "outcome": {
                "1": {
                    "not_recom": "ok",
                    "priority": "ok",
                    "recommended": "ok"
                },
                "2": {
                    "not_recom": "ok",
                    "priority": "ok",
                    "recommended": "ok"
                },
                "3": {
                    "not_recom": "ok",
                    "priority": "ok",
                    "recommended": "ok"
                },
                "more": {
                    "not_recom": "ok",
                    "priority": "ok",
                    "recommended": "ok"
                }
            },
            "command": "safe_table = acro.crosstab(",
            "summary": "pass",
            "timestamp": "2024-03-06T09:11:13.189717",
            "comments": [],
            "exception": ""
        },
        "ResultadoRegresionProbit": {
            "uid": "ResultadoRegresionProbit",
            "status": "pass",
            "type": "regression",
            "properties": {
                "method": "probit",
                "dof": 12958.0
            },
            "files": [
                {
                    "name": "ResultadoRegresionProbit_0.csv",
                    "sdc": {}
                },
                {
                    "name": "ResultadoRegresionProbit_1.csv",
                    "sdc": {}
                }
            ],
            "outcome": {},
            "command": "results = acro.probit(y, x)",
            "summary": "pass; dof=12958.0 >= 10",
            "timestamp": "2024-03-06T09:11:13.828072",
            "comments": [],
            "exception": ""
        }
    }
}