{
    "version": "0.4.5",
    "results": {
        "ResultadoRegresionOLSR": {
            "uid": "ResultadoRegresionOLSR",
            "status": "pass",
            "type": "regression",
            "properties": {
                "method": "olsr",
                "dof": 12958.0
            },
            "files": [
                {
                    "name": "ResultadoRegresionOLSR_0.csv",
                    "sdc": {}
                },
                {
                    "name": "ResultadoRegresionOLSR_1.csv",
                    "sdc": {}
                },
                {
                    "name": "ResultadoRegresionOLSR_2.csv",
                    "sdc": {}
                }
            ],
            "outcome": {},
            "command": "results = acro.olsr(formula=formula, data=new_df)",
            "summary": "pass; dof=12958.0 >= 10",
            "timestamp": "2024-03-18T12:14:16.239998",
            "comments": [],
            "exception": ""
        }
    }
}